,age,height,above_fifteen
0,4.898979485566356,13.416407864998739,1.0
1,4.795831523312719,13.038404810405298,1.0
2,4.898979485566356,0.0,0.0
3,5.830951894845301,0.0,0.0
4,4.58257569495584,13.601470508735444,1.0
5,4.58257569495584,13.601470508735444,1.0
6,5.0,13.601470508735444,1.0
7,5.0,13.601470508735444,1.0
8,5.196152422706632,13.601470508735444,1.0
9,5.196152422706632,13.601470508735444,1.0
10,5.5677643628300215,13.711309200802088,1.0
11,5.5677643628300215,13.711309200802088,1.0
12,5.5677643628300215,13.711309200802088,1.0
13,5.5677643628300215,13.711309200802088,1.0
14,5.744562646538029,13.711309200802088,1.0
15,5.744562646538029,13.711309200802088,1.0
16,5.744562646538029,13.711309200802088,1.0
17,5.744562646538029,13.711309200802088,1.0
18,5.5677643628300215,13.527749258468683,1.0
19,5.5677643628300215,13.527749258468683,1.0
20,5.5677643628300215,13.527749258468683,1.0
21,5.5677643628300215,13.527749258468683,1.0
22,5.744562646538029,13.527749258468683,1.0
23,5.744562646538029,13.527749258468683,1.0
24,5.744562646538029,13.527749258468683,1.0
25,5.744562646538029,13.527749258468683,1.0
26,4.242640687119285,12.96148139681572,0.0
27,4.242640687119285,12.96148139681572,0.0
28,5.0990195135927845,13.638181696985855,1.0
29,5.0990195135927845,0.0,0.0
30,4.69041575982343,13.490737563232042,1.0
31,5.5677643628300215,13.114877048604,1.0
32,5.477225575051661,12.609520212918492,1.0
33,5.830951894845301,12.609520212918492,1.0
34,5.656854249492381,13.076696830622021,1.0
35,4.69041575982343,0.0,0.0
36,4.69041575982343,0.0,0.0
37,5.477225575051661,0.0,0.0
38,5.477225575051661,0.0,0.0
39,5.830951894845301,0.0,0.0
40,5.291502622129181,13.564659966250536,1.0
41,5.291502622129181,13.228756555322953,1.0
42,5.291502622129181,13.228756555322953,1.0
43,5.291502622129181,13.228756555322953,1.0
44,5.291502622129181,13.228756555322953,1.0
45,5.291502622129181,13.228756555322953,1.0
46,5.291502622129181,13.228756555322953,1.0
47,5.291502622129181,13.228756555322953,1.0
48,5.291502622129181,13.228756555322953,1.0
49,5.656854249492381,13.228756555322953,1.0
50,5.656854249492381,13.228756555322953,1.0
51,5.656854249492381,13.228756555322953,1.0
52,5.656854249492381,13.228756555322953,1.0
53,5.656854249492381,13.228756555322953,1.0
54,5.656854249492381,13.228756555322953,1.0
55,5.656854249492381,13.228756555322953,1.0
56,5.656854249492381,13.228756555322953,1.0
57,5.5677643628300215,13.74772708486752,1.0
58,7.3484692283495345,0.0,0.0
59,4.47213595499958,13.2664991614216,1.0
60,4.47213595499958,13.2664991614216,1.0
61,4.47213595499958,13.2664991614216,1.0
62,4.47213595499958,13.2664991614216,1.0
63,4.69041575982343,13.2664991614216,1.0
64,4.69041575982343,13.2664991614216,1.0
65,4.69041575982343,13.2664991614216,1.0
66,4.69041575982343,13.2664991614216,1.0
67,4.69041575982343,13.2664991614216,1.0
68,5.0990195135927845,13.2664991614216,1.0
69,5.0990195135927845,13.2664991614216,1.0
70,5.0990195135927845,13.2664991614216,1.0
71,5.0990195135927845,13.2664991614216,1.0
72,5.477225575051661,13.2664991614216,1.0
73,5.477225575051661,13.2664991614216,1.0
74,5.477225575051661,13.2664991614216,1.0
75,5.477225575051661,13.2664991614216,1.0
76,5.477225575051661,13.2664991614216,1.0
77,5.830951894845301,13.2664991614216,1.0
78,5.830951894845301,13.2664991614216,1.0
79,5.196152422706632,12.767145334803704,0.0
80,4.69041575982343,13.038404810405298,1.0
81,4.69041575982343,13.674794331177344,1.0
82,5.0990195135927845,13.674794331177344,1.0
83,4.898979485566356,0.0,0.0
84,4.898979485566356,0.0,0.0
85,5.196152422706632,0.0,0.0
86,4.898979485566356,0.0,0.0
87,4.123105625617661,13.0,1.0
88,5.0990195135927845,0.0,0.0
89,6.557438524302,13.038404810405298,1.0
90,6.855654600401044,13.038404810405298,1.0
91,4.69041575982343,0.0,0.0
92,5.0990195135927845,13.74772708486752,1.0
93,5.477225575051661,13.74772708486752,1.0
94,4.898979485566356,13.19090595827292,1.0
95,4.795831523312719,0.0,0.0
96,4.898979485566356,13.674794331177344,1.0
97,5.291502622129181,13.674794331177344,1.0
98,5.477225575051661,13.674794331177344,1.0
99,4.898979485566356,13.784048752090222,1.0
100,4.58257569495584,13.92838827718412,1.0
101,4.58257569495584,13.92838827718412,1.0
102,4.58257569495584,13.92838827718412,1.0
103,5.0,13.92838827718412,1.0
104,5.0,13.92838827718412,1.0
105,4.795831523312719,13.490737563232042,1.0
106,4.47213595499958,0.0,0.0
107,5.744562646538029,0.0,0.0
108,5.744562646538029,0.0,0.0
109,5.744562646538029,0.0,0.0
110,4.795831523312719,0.0,0.0
111,5.196152422706632,0.0,0.0
112,5.196152422706632,0.0,0.0
113,5.5677643628300215,0.0,0.0
114,5.5677643628300215,0.0,0.0
115,5.5677643628300215,0.0,0.0
116,5.291502622129181,0.0,0.0
117,5.0,0.0,0.0
118,5.830951894845301,13.601470508735444,1.0
119,5.0,13.490737563232042,1.0
120,5.0,13.490737563232042,1.0
121,5.385164807134504,13.490737563232042,1.0
122,5.385164807134504,13.490737563232042,1.0
123,5.385164807134504,13.490737563232042,1.0
124,6.4031242374328485,0.0,0.0
125,5.744562646538029,13.92838827718412,1.0
126,6.708203932499369,13.92838827718412,1.0
127,7.0,13.92838827718412,1.0
128,7.280109889280518,13.92838827718412,1.0
129,7.54983443527075,13.92838827718412,1.0
130,4.69041575982343,13.30413469565007,1.0
131,4.69041575982343,13.30413469565007,1.0
132,5.0990195135927845,13.30413469565007,1.0
133,5.477225575051661,13.30413469565007,1.0
134,4.898979485566356,0.0,1.0
135,4.898979485566356,12.96148139681572,1.0
136,5.291502622129181,12.96148139681572,1.0
137,4.69041575982343,13.601470508735444,1.0
138,5.0990195135927845,13.601470508735444,1.0
139,4.795831523312719,12.922847983320086,1.0
140,4.795831523312719,12.922847983320086,1.0
141,4.795831523312719,12.922847983320086,1.0
142,4.795831523312719,12.922847983320086,1.0
143,4.795831523312719,12.922847983320086,1.0
144,4.795831523312719,12.922847983320086,1.0
145,4.69041575982343,13.74772708486752,1.0
146,4.898979485566356,13.114877048604,1.0
147,0.0,0.0,0.0
148,5.0990195135927845,13.038404810405298,1.0
149,4.58257569495584,0.0,0.0
150,4.58257569495584,0.0,0.0
151,4.898979485566356,13.2664991614216,1.0
152,0.0,0.0,0.0
153,0.0,0.0,0.0
154,4.898979485566356,12.806248474865697,1.0
155,5.291502622129181,12.806248474865697,1.0
156,4.898979485566356,13.114877048604,1.0
157,5.0990195135927845,13.228756555322953,1.0
158,4.58257569495584,14.071247279470288,1.0
159,5.477225575051661,13.92838827718412,1.0
160,5.5677643628300215,0.0,0.0
161,4.58257569495584,12.84523257866513,0.0
162,0.0,12.489995996796797,0.0
163,4.69041575982343,13.379088160259652,1.0
164,5.0990195135927845,13.379088160259652,1.0
165,4.795831523312719,13.341664064126334,1.0
166,4.795831523312719,13.341664064126334,1.0
167,4.358898943540674,13.601470508735444,1.0
168,5.0990195135927845,12.922847983320086,1.0
169,5.196152422706632,13.114877048604,1.0
170,5.196152422706632,13.114877048604,1.0
171,4.898979485566356,13.416407864998739,1.0
172,5.291502622129181,13.416407864998739,1.0
173,4.795831523312719,13.490737563232042,1.0
174,5.196152422706632,13.490737563232042,1.0
175,5.5677643628300215,13.490737563232042,1.0
176,5.477225575051661,13.490737563232042,1.0
177,4.69041575982343,13.341664064126334,1.0
178,4.69041575982343,13.601470508735444,1.0
179,5.196152422706632,12.884098726725126,1.0
180,5.0990195135927845,0.0,0.0
181,4.795831523312719,0.0,0.0
182,4.69041575982343,13.638181696985855,1.0
183,4.69041575982343,13.784048752090222,1.0
184,5.0990195135927845,13.527749258468683,1.0
185,4.69041575982343,0.0,0.0
186,5.0990195135927845,12.84523257866513,1.0
187,4.898979485566356,13.45362404707371,1.0
188,5.291502622129181,13.45362404707371,1.0
189,5.656854249492381,13.45362404707371,1.0
190,4.69041575982343,13.490737563232042,1.0
191,5.0990195135927845,13.490737563232042,1.0
192,5.385164807134504,13.711309200802088,1.0
193,5.0,12.96148139681572,1.0
194,4.58257569495584,0.0,0.0
195,4.58257569495584,12.767145334803704,1.0
196,4.58257569495584,12.767145334803704,1.0
197,5.196152422706632,13.784048752090222,1.0
198,4.58257569495584,13.416407864998739,1.0
199,5.830951894845301,13.784048752090222,1.0
200,6.164414002968976,13.784048752090222,1.0
201,6.164414002968976,0.0,0.0
202,5.916079783099616,12.449899597988733,0.0
203,4.242640687119285,12.96148139681572,1.0
204,4.0,13.416407864998739,1.0
205,5.477225575051661,13.0,1.0
206,5.477225575051661,13.0,1.0
207,5.477225575051661,13.0,1.0
208,5.477225575051661,13.45362404707371,1.0
209,4.69041575982343,0.0,0.0
210,4.69041575982343,0.0,0.0
211,5.0,13.038404810405298,1.0
212,0.0,0.0,0.0
213,0.0,0.0,0.0
214,5.0,0.0,0.0
215,5.0990195135927845,0.0,0.0
216,4.358898943540674,13.228756555322953,1.0
217,4.795831523312719,13.228756555322953,1.0
218,4.69041575982343,13.711309200802088,1.0
219,5.385164807134504,13.711309200802088,1.0
220,5.830951894845301,13.711309200802088,1.0
221,4.69041575982343,13.490737563232042,1.0
222,5.0990195135927845,13.490737563232042,1.0
223,5.477225575051661,13.490737563232042,1.0
224,5.830951894845301,13.490737563232042,1.0
225,4.47213595499958,13.674794331177344,1.0
226,5.0,13.674794331177344,1.0
227,5.385164807134504,13.674794331177344,1.0
228,5.744562646538029,13.674794331177344,1.0
229,4.795831523312719,13.2664991614216,1.0
230,4.795831523312719,13.2664991614216,1.0
231,5.196152422706632,13.2664991614216,1.0
232,4.47213595499958,13.228756555322953,1.0
233,4.69041575982343,13.784048752090222,1.0
234,4.58257569495584,13.0,1.0
235,4.69041575982343,13.228756555322953,1.0
236,4.47213595499958,12.649110640673518,1.0
237,4.898979485566356,13.45362404707371,1.0
238,5.291502622129181,0.0,1.0
239,5.656854249492381,0.0,1.0
240,4.69041575982343,13.341664064126334,1.0
241,4.69041575982343,13.341664064126334,1.0
242,4.69041575982343,12.84523257866513,1.0
243,4.358898943540674,0.0,0.0
244,5.0990195135927845,13.038404810405298,1.0
245,4.795831523312719,12.96148139681572,1.0
246,5.291502622129181,13.152946437965905,1.0
247,5.0,13.341664064126334,1.0
248,5.385164807134504,13.341664064126334,1.0
249,6.082762530298219,13.341664064126334,1.0
250,5.5677643628300215,0.0,0.0
251,5.291502622129181,13.038404810405298,1.0
252,4.47213595499958,12.806248474865697,1.0
253,4.47213595499958,12.84523257866513,1.0
254,4.898979485566356,12.84523257866513,1.0
255,5.291502622129181,12.84523257866513,1.0
256,5.291502622129181,13.152946437965905,1.0
257,4.69041575982343,13.45362404707371,1.0
258,4.242640687119285,13.490737563232042,1.0
259,5.744562646538029,12.609520212918492,1.0
260,5.291502622129181,13.076696830622021,1.0
261,0.0,0.0,0.0
262,4.795831523312719,13.856406460551018,1.0
263,4.795831523312719,13.341664064126334,1.0
264,5.385164807134504,13.96424004376894,1.0
265,3.872983346207417,13.228756555322953,1.0
266,4.358898943540674,13.228756555322953,1.0
267,4.898979485566356,13.416407864998739,1.0
268,0.0,0.0,0.0
269,6.48074069840786,13.114877048604,1.0
270,6.782329983125268,13.114877048604,1.0
271,5.477225575051661,12.922847983320086,1.0
272,5.477225575051661,12.922847983320086,1.0
273,5.0990195135927845,13.527749258468683,1.0
274,4.58257569495584,13.564659966250536,1.0
275,4.795831523312719,13.379088160259652,1.0
276,4.898979485566356,13.228756555322953,1.0
277,5.291502622129181,13.228756555322953,1.0
278,5.291502622129181,13.228756555322953,1.0
279,4.358898943540674,13.379088160259652,1.0
280,6.4031242374328485,12.649110640673518,1.0
281,4.58257569495584,12.806248474865697,1.0
282,5.477225575051661,12.767145334803704,1.0
283,4.795831523312719,0.0,0.0
284,6.48074069840786,0.0,0.0
285,5.830951894845301,13.601470508735444,1.0
286,4.795831523312719,13.820274961085254,1.0
287,6.324555320336759,12.84523257866513,1.0
288,4.69041575982343,13.601470508735444,1.0
289,5.0990195135927845,13.601470508735444,1.0
290,5.830951894845301,13.601470508735444,1.0
291,4.795831523312719,13.96424004376894,1.0
292,4.69041575982343,13.856406460551018,1.0
293,5.0990195135927845,13.856406460551018,1.0
294,4.58257569495584,0.0,0.0
295,3.872983346207417,12.922847983320086,1.0
296,3.872983346207417,12.922847983320086,1.0
297,4.358898943540674,12.922847983320086,1.0
298,5.0,12.767145334803704,1.0
299,5.291502622129181,14.247806848775006,1.0
300,5.0,0.0,0.0
301,5.385164807134504,0.0,0.0
302,0.0,0.0,0.0
303,0.0,0.0,0.0
304,0.0,0.0,0.0
305,0.0,0.0,0.0
306,0.0,0.0,0.0
307,0.0,0.0,0.0
308,0.0,0.0,0.0
309,0.0,0.0,0.0
310,4.69041575982343,0.0,0.0
311,4.47213595499958,13.228756555322953,1.0
312,4.58257569495584,12.96148139681572,1.0
313,5.385164807134504,12.96148139681572,1.0
314,0.0,0.0,0.0
315,4.795831523312719,13.0,1.0
316,4.358898943540674,12.569805089976535,0.0
317,4.242640687119285,13.114877048604,1.0
318,5.0,13.19090595827292,1.0
319,5.656854249492381,12.96148139681572,1.0
320,0.0,13.038404810405298,1.0
321,4.358898943540674,0.0,0.0
322,5.5677643628300215,0.0,0.0
323,0.0,0.0,0.0
324,4.795831523312719,13.19090595827292,1.0
325,4.795831523312719,13.416407864998739,1.0
326,5.656854249492381,13.416407864998739,1.0
327,0.0,13.2664991614216,1.0
328,0.0,13.2664991614216,1.0
329,4.242640687119285,12.409673645990857,0.0
330,4.69041575982343,12.409673645990857,0.0
331,4.242640687119285,12.36931687685298,0.0
332,5.385164807134504,0.0,0.0
333,0.0,0.0,0.0
334,5.477225575051661,13.638181696985855,1.0
335,5.5677643628300215,0.0,0.0
336,5.5677643628300215,0.0,0.0
337,5.5677643628300215,0.0,0.0
338,5.916079783099616,0.0,0.0
339,5.916079783099616,0.0,0.0
340,0.0,0.0,0.0
341,5.656854249492381,12.328828005937952,1.0
342,4.898979485566356,13.892443989449804,1.0
343,0.0,12.727922061357855,1.0
344,0.0,0.0,0.0
345,4.47213595499958,0.0,0.0
346,5.0,13.74772708486752,1.0
347,4.58257569495584,0.0,0.0
348,4.58257569495584,0.0,0.0
349,4.58257569495584,0.0,0.0
350,5.0,0.0,0.0
351,5.0,0.0,0.0
352,5.744562646538029,0.0,0.0
353,0.0,13.2664991614216,1.0
354,4.898979485566356,0.0,1.0
355,5.656854249492381,0.0,1.0
356,4.898979485566356,13.527749258468683,1.0
357,5.291502622129181,13.114877048604,1.0
358,5.385164807134504,0.0,0.0
359,4.795831523312719,13.341664064126334,1.0
360,5.196152422706632,13.341664064126334,1.0
361,4.898979485566356,0.0,0.0
362,5.0,13.711309200802088,1.0
363,4.358898943540674,14.071247279470288,1.0
364,4.795831523312719,14.071247279470288,1.0
365,4.795831523312719,14.035668847618199,1.0
366,5.5677643628300215,14.035668847618199,1.0
367,4.58257569495584,13.2664991614216,1.0
368,4.898979485566356,0.0,0.0
369,4.242640687119285,0.0,0.0
370,4.69041575982343,0.0,0.0
371,4.58257569495584,0.0,0.0
372,5.744562646538029,0.0,0.0
373,5.744562646538029,0.0,0.0
374,6.082762530298219,0.0,0.0
375,6.082762530298219,0.0,0.0
376,6.082762530298219,0.0,0.0
377,6.082762530298219,0.0,0.0
378,4.47213595499958,0.0,0.0
379,0.0,0.0,0.0
380,5.196152422706632,13.711309200802088,1.0
381,4.0,0.0,0.0
382,4.58257569495584,0.0,0.0
383,4.58257569495584,0.0,0.0
384,5.477225575051661,13.416407864998739,1.0
385,5.291502622129181,13.038404810405298,1.0
386,6.0,13.038404810405298,1.0
387,6.0,13.038404810405298,1.0
388,4.58257569495584,0.0,0.0
389,4.58257569495584,13.784048752090222,1.0
390,5.0990195135927845,13.784048752090222,1.0
391,4.69041575982343,12.84523257866513,0.0
392,5.196152422706632,13.96424004376894,1.0
393,5.291502622129181,0.0,0.0
394,0.0,0.0,0.0
395,4.898979485566356,0.0,0.0
396,4.69041575982343,12.529964086141668,0.0
397,4.358898943540674,0.0,0.0
398,4.358898943540674,0.0,0.0
399,4.358898943540674,0.0,0.0
400,4.358898943540674,0.0,0.0
401,4.358898943540674,0.0,0.0
402,4.358898943540674,0.0,0.0
403,4.358898943540674,0.0,0.0
404,4.358898943540674,0.0,0.0
405,0.0,0.0,0.0
406,4.795831523312719,12.84523257866513,1.0
407,5.196152422706632,12.84523257866513,1.0
408,5.916079783099616,12.84523257866513,1.0
409,0.0,0.0,0.0
410,5.196152422706632,13.711309200802088,1.0
411,4.898979485566356,13.2664991614216,1.0
412,5.0990195135927845,13.228756555322953,1.0
413,0.0,0.0,0.0
414,0.0,0.0,0.0
415,0.0,0.0,0.0
416,0.0,0.0,0.0
417,0.0,0.0,0.0
418,0.0,0.0,0.0
419,0.0,0.0,0.0
420,0.0,0.0,0.0
421,6.4031242374328485,0.0,0.0
422,4.898979485566356,13.152946437965905,1.0
423,5.291502622129181,13.152946437965905,1.0
424,4.123105625617661,12.609520212918492,1.0
425,4.58257569495584,13.038404810405298,1.0
426,5.0,0.0,0.0
427,4.58257569495584,13.038404810405298,1.0
428,5.0,13.038404810405298,1.0
429,4.47213595499958,0.0,0.0
430,6.0,13.038404810405298,1.0
431,6.324555320336759,13.038404810405298,1.0
432,4.795831523312719,13.564659966250536,1.0
433,4.358898943540674,12.649110640673518,0.0
434,4.795831523312719,13.038404810405298,1.0
435,4.47213595499958,12.84523257866513,1.0
436,4.795831523312719,13.92838827718412,1.0
437,4.69041575982343,12.922847983320086,1.0
438,4.69041575982343,12.922847983320086,1.0
439,4.69041575982343,12.922847983320086,1.0
440,4.69041575982343,12.922847983320086,1.0
441,4.69041575982343,12.922847983320086,1.0
442,4.58257569495584,0.0,0.0
443,5.0990195135927845,14.38749456993816,1.0
444,4.898979485566356,13.038404810405298,1.0
445,4.358898943540674,13.038404810405298,1.0
446,4.795831523312719,13.038404810405298,1.0
447,4.69041575982343,13.152946437965905,1.0
448,5.0990195135927845,13.152946437965905,1.0
449,4.69041575982343,13.038404810405298,1.0
450,5.0990195135927845,13.038404810405298,1.0
451,5.196152422706632,13.2664991614216,1.0
452,5.196152422706632,13.2664991614216,1.0
453,5.477225575051661,13.341664064126334,1.0
454,5.830951894845301,13.341664064126334,1.0
455,4.358898943540674,13.30413469565007,1.0
456,4.795831523312719,13.30413469565007,1.0
457,4.58257569495584,13.038404810405298,1.0
458,5.0,13.038404810405298,1.0
459,4.58257569495584,0.0,0.0
460,4.58257569495584,0.0,0.0
461,5.385164807134504,0.0,0.0
462,5.385164807134504,0.0,0.0
463,5.385164807134504,0.0,0.0
464,5.385164807134504,0.0,0.0
465,6.4031242374328485,0.0,0.0
466,4.795831523312719,13.341664064126334,1.0
467,5.196152422706632,13.341664064126334,1.0
468,5.5677643628300215,13.341664064126334,1.0
469,5.916079783099616,13.341664064126334,1.0
470,4.358898943540674,13.0,1.0
471,4.795831523312719,13.0,1.0
472,5.196152422706632,13.0,1.0
473,4.123105625617661,0.0,0.0
474,4.58257569495584,13.152946437965905,1.0
475,4.58257569495584,13.152946437965905,1.0
476,4.58257569495584,13.152946437965905,1.0
477,0.0,0.0,0.0
478,4.898979485566356,13.527749258468683,1.0
479,5.0990195135927845,13.2664991614216,1.0
480,4.795831523312719,13.601470508735444,1.0
481,5.385164807134504,13.228756555322953,1.0
482,5.5677643628300215,0.0,0.0
483,4.69041575982343,12.84523257866513,1.0
484,4.358898943540674,13.416407864998739,1.0
485,4.358898943540674,13.416407864998739,1.0
486,4.795831523312719,13.416407864998739,1.0
487,4.795831523312719,13.416407864998739,1.0
488,5.0,0.0,1.0
489,5.196152422706632,13.416407864998739,1.0
490,4.795831523312719,13.711309200802088,1.0
491,5.196152422706632,0.0,0.0
492,5.477225575051661,12.84523257866513,1.0
493,4.123105625617661,12.12435565298214,0.0
494,4.898979485566356,13.564659966250536,1.0
495,4.69041575982343,13.416407864998739,1.0
496,4.898979485566356,12.767145334803704,1.0
497,5.291502622129181,12.767145334803704,1.0
498,4.358898943540674,12.649110640673518,1.0
499,4.358898943540674,12.649110640673518,1.0
500,5.196152422706632,12.649110640673518,1.0
501,5.0,0.0,0.0
502,4.795831523312719,13.114877048604,1.0
503,5.196152422706632,13.114877048604,1.0
504,4.358898943540674,13.228756555322953,1.0
505,0.0,0.0,0.0
506,0.0,0.0,0.0
507,5.477225575051661,13.416407864998739,1.0
508,5.830951894845301,13.416407864998739,1.0
509,4.69041575982343,13.0,1.0
510,5.196152422706632,0.0,0.0
511,0.0,0.0,1.0
512,4.795831523312719,13.0,1.0
513,4.795831523312719,13.0,1.0
514,4.47213595499958,12.489995996796797,1.0
515,4.123105625617661,13.2664991614216,1.0
516,4.123105625617661,12.96148139681572,1.0
517,3.7416573867739413,0.0,0.0
518,5.0990195135927845,13.114877048604,1.0
519,5.830951894845301,13.341664064126334,1.0
520,5.477225575051661,13.228756555322953,1.0
521,0.0,13.228756555322953,1.0
522,5.385164807134504,13.19090595827292,1.0
523,4.898979485566356,13.152946437965905,1.0
524,6.164414002968976,13.0,1.0
525,4.795831523312719,13.45362404707371,1.0
526,4.69041575982343,12.767145334803704,1.0
527,5.0990195135927845,12.767145334803704,1.0
528,0.0,13.341664064126334,1.0
529,0.0,13.341664064126334,1.0
530,0.0,13.30413469565007,1.0
531,0.0,0.0,0.0
532,0.0,12.649110640673518,1.0
533,4.58257569495584,0.0,0.0
534,5.744562646538029,0.0,0.0
535,4.898979485566356,13.416407864998739,1.0
536,6.244997998398398,0.0,0.0
537,4.795831523312719,0.0,0.0
538,4.58257569495584,0.0,0.0
539,4.58257569495584,0.0,0.0
540,5.477225575051661,0.0,0.0
541,5.656854249492381,12.569805089976535,1.0
542,4.58257569495584,13.601470508735444,1.0
543,4.69041575982343,13.228756555322953,1.0
544,4.58257569495584,13.114877048604,1.0
545,4.58257569495584,13.114877048604,1.0
546,5.0,13.114877048604,1.0
547,5.0,13.114877048604,1.0
548,4.69041575982343,13.416407864998739,1.0
549,5.0990195135927845,12.884098726725126,1.0
550,5.0990195135927845,12.649110640673518,1.0
551,4.898979485566356,13.45362404707371,1.0
552,4.898979485566356,13.45362404707371,1.0
553,4.898979485566356,13.45362404707371,1.0
554,4.898979485566356,13.45362404707371,1.0
555,4.898979485566356,13.45362404707371,1.0
556,4.47213595499958,0.0,0.0
557,5.291502622129181,0.0,0.0
558,4.242640687119285,0.0,0.0
559,5.196152422706632,12.806248474865697,1.0
560,4.47213595499958,13.564659966250536,1.0
561,5.5677643628300215,13.674794331177344,1.0
562,5.656854249492381,0.0,1.0
563,5.0,0.0,0.0
564,0.0,13.2664991614216,1.0
565,0.0,13.2664991614216,1.0
566,0.0,13.2664991614216,1.0
567,0.0,13.2664991614216,1.0
568,0.0,13.2664991614216,1.0
569,0.0,13.2664991614216,1.0
570,0.0,12.84523257866513,1.0
571,0.0,13.416407864998739,1.0
572,4.58257569495584,0.0,0.0
573,4.795831523312719,0.0,0.0
574,4.58257569495584,13.711309200802088,1.0
575,4.58257569495584,13.711309200802088,1.0
576,4.58257569495584,13.711309200802088,1.0
577,5.0,13.711309200802088,1.0
578,4.58257569495584,0.0,0.0
579,5.0,0.0,0.0
580,0.0,13.784048752090222,1.0
581,0.0,13.784048752090222,1.0
582,5.291502622129181,0.0,0.0
583,5.291502622129181,13.711309200802088,1.0
584,5.196152422706632,12.806248474865697,1.0
585,5.656854249492381,12.806248474865697,1.0
586,4.69041575982343,13.0,1.0
587,5.0990195135927845,13.0,1.0
588,4.69041575982343,13.784048752090222,1.0
589,5.0990195135927845,13.784048752090222,1.0
590,5.0,12.922847983320086,1.0
591,5.385164807134504,12.922847983320086,1.0
592,5.744562646538029,12.922847983320086,1.0
593,4.58257569495584,13.038404810405298,0.0
594,5.196152422706632,13.228756555322953,1.0
595,4.0,13.30413469565007,0.0
596,4.0,12.727922061357855,1.0
597,4.47213595499958,12.727922061357855,1.0
598,4.795831523312719,12.96148139681572,1.0
599,4.47213595499958,12.96148139681572,1.0
600,3.872983346207417,13.038404810405298,1.0
601,4.358898943540674,13.038404810405298,1.0
602,4.358898943540674,13.038404810405298,1.0
603,4.242640687119285,12.24744871391589,1.0
604,4.358898943540674,13.45362404707371,1.0
605,4.795831523312719,13.45362404707371,1.0
606,5.744562646538029,13.341664064126334,1.0
607,4.58257569495584,12.727922061357855,1.0
608,5.0,12.727922061357855,1.0
609,4.795831523312719,14.212670403551895,1.0
610,4.69041575982343,13.341664064126334,1.0
611,4.358898943540674,13.527749258468683,1.0
612,4.795831523312719,13.527749258468683,1.0
613,5.0990195135927845,13.114877048604,1.0
614,5.385164807134504,13.856406460551018,1.0
615,5.0990195135927845,13.114877048604,1.0
616,5.0990195135927845,13.038404810405298,1.0
617,5.477225575051661,13.038404810405298,1.0
618,5.830951894845301,13.038404810405298,1.0
619,0.0,13.379088160259652,1.0
620,5.0990195135927845,13.784048752090222,1.0
621,5.830951894845301,13.784048752090222,1.0
622,4.898979485566356,13.19090595827292,1.0
623,5.656854249492381,13.19090595827292,1.0
624,4.242640687119285,12.727922061357855,1.0
625,4.898979485566356,13.30413469565007,1.0
626,4.898979485566356,13.341664064126334,1.0
627,4.898979485566356,13.341664064126334,1.0
628,5.291502622129181,13.341664064126334,1.0
629,5.291502622129181,13.341664064126334,1.0
630,5.0,12.884098726725126,1.0
631,4.795831523312719,12.96148139681572,1.0
632,5.0,12.922847983320086,1.0
633,4.69041575982343,13.228756555322953,1.0
634,4.69041575982343,13.228756555322953,1.0
635,5.0990195135927845,13.228756555322953,1.0
636,5.291502622129181,13.228756555322953,1.0
637,5.291502622129181,13.228756555322953,1.0
638,4.795831523312719,13.152946437965905,1.0
639,4.795831523312719,13.152946437965905,1.0
640,4.69041575982343,0.0,0.0
641,4.898979485566356,13.341664064126334,1.0
642,5.291502622129181,13.341664064126334,1.0
643,4.58257569495584,13.379088160259652,1.0
644,5.385164807134504,13.379088160259652,1.0
645,5.0990195135927845,12.884098726725126,1.0
646,4.58257569495584,13.784048752090222,1.0
647,5.0,13.784048752090222,1.0
648,5.385164807134504,13.784048752090222,1.0
649,5.291502622129181,13.038404810405298,1.0
650,4.242640687119285,12.96148139681572,1.0
651,5.5677643628300215,13.228756555322953,1.0
652,4.69041575982343,13.30413469565007,1.0
653,0.0,0.0,0.0
654,4.58257569495584,12.649110640673518,0.0
655,4.58257569495584,12.649110640673518,0.0
656,4.69041575982343,13.152946437965905,1.0
657,4.69041575982343,13.152946437965905,1.0
658,4.795831523312719,13.038404810405298,1.0
659,5.916079783099616,0.0,0.0
660,5.196152422706632,13.416407864998739,1.0
661,5.5677643628300215,13.416407864998739,1.0
662,5.477225575051661,0.0,0.0
663,4.69041575982343,0.0,0.0
664,5.0990195135927845,0.0,0.0
665,4.69041575982343,13.92838827718412,1.0
666,5.0990195135927845,13.92838827718412,1.0
667,4.358898943540674,13.0,0.0
668,4.358898943540674,13.784048752090222,1.0
669,6.708203932499369,0.0,0.0
670,6.708203932499369,0.0,0.0
671,4.47213595499958,12.767145334803704,1.0
672,4.795831523312719,13.601470508735444,1.0
673,5.916079783099616,0.0,0.0
674,4.358898943540674,13.527749258468683,1.0
675,4.795831523312719,13.527749258468683,1.0
676,4.358898943540674,12.649110640673518,0.0
677,4.358898943540674,12.649110640673518,0.0
678,4.358898943540674,12.649110640673518,0.0
679,4.358898943540674,12.649110640673518,0.0
680,4.358898943540674,12.649110640673518,0.0
681,4.358898943540674,12.649110640673518,0.0
682,4.0,12.649110640673518,1.0
683,4.47213595499958,12.649110640673518,1.0
684,4.47213595499958,12.649110640673518,1.0
685,4.898979485566356,12.649110640673518,1.0
686,4.898979485566356,12.649110640673518,1.0
687,5.0,12.84523257866513,1.0
688,5.0,12.84523257866513,1.0
689,5.0,12.84523257866513,1.0
690,5.0,12.84523257866513,1.0
691,5.0,12.84523257866513,1.0
692,5.0,12.767145334803704,0.0
693,5.385164807134504,12.767145334803704,0.0
694,4.898979485566356,0.0,0.0
695,6.0,0.0,0.0
696,6.0,0.0,0.0
697,6.928203230275509,0.0,0.0
698,7.211102550927978,0.0,0.0
699,7.211102550927978,0.0,0.0
700,4.47213595499958,0.0,0.0
701,5.291502622129181,0.0,1.0
702,4.69041575982343,0.0,0.0
703,4.69041575982343,13.564659966250536,1.0
704,5.477225575051661,13.564659966250536,1.0
705,4.242640687119285,12.36931687685298,0.0
706,4.242640687119285,12.36931687685298,0.0
707,4.242640687119285,12.36931687685298,0.0
708,4.242640687119285,12.36931687685298,0.0
709,4.242640687119285,12.36931687685298,0.0
710,3.872983346207417,0.0,0.0
711,4.358898943540674,0.0,0.0
712,4.69041575982343,13.2664991614216,1.0
713,5.0990195135927845,0.0,0.0
714,5.0990195135927845,0.0,0.0
715,5.0990195135927845,0.0,0.0
716,5.0990195135927845,0.0,0.0
717,6.082762530298219,13.19090595827292,1.0
718,4.358898943540674,0.0,0.0
719,4.795831523312719,13.152946437965905,1.0
720,4.69041575982343,12.884098726725126,1.0
721,4.898979485566356,13.856406460551018,1.0
722,5.196152422706632,13.638181696985855,1.0
723,5.477225575051661,13.638181696985855,1.0
724,5.830951894845301,13.638181696985855,1.0
725,5.0990195135927845,0.0,0.0
726,4.795831523312719,13.45362404707371,1.0
727,4.358898943540674,13.45362404707371,1.0
728,4.358898943540674,13.45362404707371,1.0
729,4.123105625617661,13.784048752090222,1.0
730,4.69041575982343,0.0,0.0
731,5.477225575051661,13.038404810405298,1.0
732,5.196152422706632,13.45362404707371,1.0
733,4.795831523312719,13.674794331177344,1.0
734,5.830951894845301,12.84523257866513,1.0
735,6.164414002968976,12.84523257866513,1.0
736,6.324555320336759,12.84523257866513,1.0
737,6.6332495807108,12.84523257866513,1.0
738,6.928203230275509,12.84523257866513,1.0
739,4.69041575982343,13.490737563232042,1.0
740,4.123105625617661,0.0,0.0
741,4.123105625617661,0.0,0.0
742,5.0,0.0,0.0
743,5.385164807134504,0.0,0.0
744,4.898979485566356,13.152946437965905,1.0
745,4.58257569495584,12.609520212918492,0.0
746,4.58257569495584,12.609520212918492,0.0
747,5.0,12.609520212918492,0.0
748,5.0,12.609520212918492,0.0
749,5.477225575051661,12.649110640673518,1.0
750,5.477225575051661,12.649110640673518,1.0
751,4.47213595499958,13.416407864998739,1.0
752,4.898979485566356,12.884098726725126,1.0
753,5.0990195135927845,13.416407864998739,1.0
754,5.477225575051661,13.416407864998739,1.0
755,6.48074069840786,13.416407864998739,1.0
756,6.48074069840786,13.416407864998739,1.0
757,4.795831523312719,13.30413469565007,1.0
758,5.196152422706632,13.30413469565007,1.0
759,5.5677643628300215,13.30413469565007,1.0
760,4.58257569495584,13.379088160259652,1.0
761,4.358898943540674,12.489995996796797,0.0
762,4.69041575982343,13.379088160259652,1.0
763,4.242640687119285,0.0,0.0
764,5.477225575051661,0.0,0.0
765,5.477225575051661,0.0,0.0
766,5.196152422706632,12.649110640673518,1.0
767,4.358898943540674,13.0,1.0
768,4.898979485566356,13.152946437965905,1.0
769,5.196152422706632,12.727922061357855,1.0
770,5.0,13.114877048604,1.0
771,5.385164807134504,13.114877048604,1.0
772,5.196152422706632,12.96148139681572,1.0
773,5.5677643628300215,12.96148139681572,1.0
774,4.898979485566356,12.609520212918492,1.0
775,5.916079783099616,13.038404810405298,1.0
776,5.291502622129181,12.609520212918492,1.0
777,5.656854249492381,12.609520212918492,1.0
778,4.69041575982343,12.24744871391589,0.0
779,5.0990195135927845,12.806248474865697,1.0
780,5.385164807134504,12.767145334803704,0.0
781,4.58257569495584,13.228756555322953,1.0
782,4.69041575982343,13.0,1.0
783,5.0990195135927845,13.0,1.0
784,5.477225575051661,13.0,1.0
785,4.898979485566356,0.0,0.0
786,5.656854249492381,0.0,0.0
787,4.358898943540674,13.490737563232042,1.0
788,4.358898943540674,12.68857754044952,1.0
789,4.358898943540674,12.68857754044952,1.0
790,4.358898943540674,12.68857754044952,1.0
791,4.358898943540674,12.68857754044952,1.0
792,4.358898943540674,12.68857754044952,1.0
793,4.358898943540674,12.68857754044952,1.0
794,4.898979485566356,12.68857754044952,1.0
795,4.898979485566356,12.68857754044952,1.0
796,4.898979485566356,12.68857754044952,1.0
797,4.898979485566356,12.68857754044952,1.0
798,4.898979485566356,13.19090595827292,1.0
799,4.795831523312719,13.490737563232042,1.0
800,4.47213595499958,13.2664991614216,1.0
801,4.123105625617661,13.038404810405298,1.0
802,4.69041575982343,13.784048752090222,1.0
803,4.69041575982343,13.784048752090222,1.0
804,4.69041575982343,13.784048752090222,1.0
805,4.69041575982343,13.784048752090222,1.0
806,5.0990195135927845,13.228756555322953,1.0
807,5.0990195135927845,13.228756555322953,1.0
808,4.358898943540674,13.0,1.0
809,4.123105625617661,12.884098726725126,1.0
810,4.123105625617661,12.884098726725126,1.0
811,4.123105625617661,12.884098726725126,1.0
812,5.0,12.96148139681572,1.0
813,5.477225575051661,14.035668847618199,1.0
814,5.477225575051661,14.035668847618199,1.0
815,5.0,0.0,0.0
816,5.0,0.0,0.0
817,5.0,0.0,0.0
818,5.196152422706632,0.0,0.0
819,5.196152422706632,0.0,0.0
820,5.196152422706632,14.491376746189438,1.0
821,5.291502622129181,13.038404810405298,1.0
822,5.291502622129181,13.038404810405298,1.0
823,5.291502622129181,13.038404810405298,1.0
824,5.291502622129181,13.038404810405298,1.0
825,5.656854249492381,13.038404810405298,1.0
826,5.656854249492381,13.038404810405298,1.0
827,4.898979485566356,13.228756555322953,1.0
828,5.0,13.638181696985855,1.0
829,5.744562646538029,13.638181696985855,1.0
830,6.4031242374328485,13.638181696985855,1.0
831,4.898979485566356,0.0,0.0
832,5.196152422706632,13.711309200802088,1.0
833,5.385164807134504,14.317821063276353,1.0
834,5.0990195135927845,0.0,0.0
835,4.47213595499958,12.96148139681572,1.0
836,5.477225575051661,13.45362404707371,1.0
837,5.196152422706632,0.0,0.0
838,5.477225575051661,13.490737563232042,1.0
839,4.898979485566356,0.0,0.0
840,5.291502622129181,0.0,0.0
841,4.69041575982343,13.674794331177344,1.0
842,5.477225575051661,13.674794331177344,1.0
843,4.69041575982343,0.0,0.0
844,6.164414002968976,0.0,0.0
845,6.164414002968976,0.0,0.0
846,6.48074069840786,0.0,0.0
847,6.48074069840786,0.0,0.0
848,4.898979485566356,0.0,0.0
849,5.291502622129181,0.0,0.0
850,4.58257569495584,13.038404810405298,0.0
851,4.47213595499958,13.076696830622021,1.0
852,0.0,0.0,0.0
853,4.58257569495584,13.784048752090222,1.0
854,5.0,13.784048752090222,1.0
855,4.69041575982343,13.038404810405298,1.0
856,4.795831523312719,13.228756555322953,1.0
857,4.69041575982343,13.341664064126334,1.0
858,0.0,0.0,0.0
859,5.5677643628300215,13.416407864998739,1.0
860,5.291502622129181,13.527749258468683,1.0
861,4.58257569495584,13.711309200802088,1.0
862,4.58257569495584,13.711309200802088,1.0
863,5.0,13.711309200802088,1.0
864,5.0,13.711309200802088,1.0
865,4.58257569495584,0.0,0.0
866,4.69041575982343,0.0,0.0
867,5.0990195135927845,13.341664064126334,1.0
868,4.69041575982343,0.0,0.0
869,4.69041575982343,0.0,0.0
870,4.795831523312719,0.0,0.0
871,5.744562646538029,13.490737563232042,1.0
872,0.0,0.0,0.0
873,4.69041575982343,13.892443989449804,1.0
874,4.898979485566356,13.19090595827292,1.0
875,5.0,13.638181696985855,1.0
876,4.358898943540674,0.0,0.0
877,4.358898943540674,0.0,0.0
878,4.358898943540674,0.0,0.0
879,4.358898943540674,0.0,0.0
880,4.358898943540674,0.0,0.0
881,4.358898943540674,0.0,0.0
882,4.358898943540674,0.0,0.0
883,4.358898943540674,0.0,0.0
884,4.58257569495584,13.856406460551018,1.0
885,4.58257569495584,13.856406460551018,1.0
886,5.0,13.856406460551018,1.0
887,0.0,0.0,0.0
888,4.123105625617661,13.228756555322953,1.0
889,4.123105625617661,13.228756555322953,1.0
890,4.58257569495584,13.228756555322953,1.0
891,4.58257569495584,13.228756555322953,1.0
892,4.58257569495584,13.228756555322953,1.0
893,4.358898943540674,13.038404810405298,1.0
894,5.744562646538029,13.341664064126334,1.0
895,4.358898943540674,12.922847983320086,1.0
896,4.358898943540674,12.922847983320086,1.0
897,4.795831523312719,12.922847983320086,1.0
898,4.795831523312719,12.922847983320086,1.0
899,5.196152422706632,12.922847983320086,1.0
900,5.5677643628300215,12.922847983320086,1.0
901,4.58257569495584,13.416407864998739,1.0
902,5.0,13.820274961085254,1.0
903,5.385164807134504,13.820274961085254,1.0
904,5.744562646538029,13.820274961085254,1.0
905,4.69041575982343,0.0,0.0
906,5.385164807134504,13.341664064126334,1.0
907,4.69041575982343,13.379088160259652,1.0
908,4.69041575982343,13.379088160259652,1.0
909,4.795831523312719,13.152946437965905,1.0
910,4.795831523312719,13.152946437965905,1.0
911,4.47213595499958,13.527749258468683,1.0
912,4.47213595499958,13.527749258468683,1.0
913,4.47213595499958,13.527749258468683,1.0
914,4.47213595499958,13.527749258468683,1.0
915,4.898979485566356,13.527749258468683,1.0
916,4.898979485566356,13.527749258468683,1.0
917,4.898979485566356,13.527749258468683,1.0
918,4.58257569495584,0.0,0.0
919,4.58257569495584,0.0,0.0
920,5.196152422706632,0.0,0.0
921,4.58257569495584,0.0,0.0
922,5.0,0.0,0.0
923,4.358898943540674,13.527749258468683,1.0
924,4.795831523312719,13.527749258468683,1.0
925,5.0990195135927845,12.727922061357855,1.0
926,4.898979485566356,13.784048752090222,1.0
927,5.291502622129181,13.784048752090222,1.0
928,4.898979485566356,13.674794331177344,1.0
929,4.69041575982343,13.114877048604,1.0
930,5.291502622129181,13.416407864998739,1.0
931,5.291502622129181,13.416407864998739,1.0
932,5.291502622129181,13.416407864998739,1.0
933,5.744562646538029,13.416407864998739,1.0
934,5.744562646538029,13.416407864998739,1.0
935,5.5677643628300215,0.0,0.0
936,4.898979485566356,13.601470508735444,1.0
937,4.58257569495584,13.892443989449804,1.0
938,4.123105625617661,13.2664991614216,1.0
939,4.123105625617661,13.2664991614216,1.0
940,4.58257569495584,13.2664991614216,1.0
941,4.58257569495584,13.2664991614216,1.0
942,5.0,13.2664991614216,1.0
943,5.0,13.2664991614216,1.0
944,5.291502622129181,13.490737563232042,1.0
945,4.123105625617661,13.416407864998739,1.0
946,4.58257569495584,13.416407864998739,1.0
947,5.0,13.416407864998739,1.0
948,4.69041575982343,13.45362404707371,1.0
949,4.69041575982343,13.45362404707371,1.0
950,4.69041575982343,13.45362404707371,1.0
951,4.69041575982343,13.45362404707371,1.0
952,5.0990195135927845,13.45362404707371,1.0
953,5.0990195135927845,13.45362404707371,1.0
954,5.0990195135927845,13.45362404707371,1.0
955,5.0990195135927845,13.45362404707371,1.0
956,5.0990195135927845,13.45362404707371,1.0
957,4.69041575982343,0.0,0.0
958,4.0,12.922847983320086,0.0
959,5.5677643628300215,13.228756555322953,1.0
960,4.795831523312719,13.45362404707371,1.0
961,5.196152422706632,13.45362404707371,1.0
962,4.898979485566356,13.416407864998739,1.0
963,4.898979485566356,13.2664991614216,1.0
964,4.898979485566356,13.2664991614216,1.0
965,5.477225575051661,12.806248474865697,1.0
966,5.0,14.071247279470288,1.0
967,5.830951894845301,13.416407864998739,1.0
968,4.795831523312719,13.152946437965905,1.0
969,4.58257569495584,13.114877048604,1.0
970,4.58257569495584,13.114877048604,1.0
971,4.898979485566356,13.076696830622021,1.0
972,4.795831523312719,12.922847983320086,1.0
973,4.795831523312719,12.922847983320086,1.0
974,4.795831523312719,12.922847983320086,1.0
975,5.196152422706632,12.922847983320086,1.0
976,5.385164807134504,13.416407864998739,1.0
977,5.385164807134504,13.416407864998739,1.0
978,5.196152422706632,13.490737563232042,1.0
979,5.196152422706632,13.490737563232042,1.0
980,4.358898943540674,12.767145334803704,1.0
981,5.656854249492381,13.416407864998739,1.0
982,4.69041575982343,13.527749258468683,0.0
983,5.0,13.527749258468683,0.0
984,5.5677643628300215,13.638181696985855,1.0
985,4.47213595499958,13.2664991614216,1.0
986,4.47213595499958,13.2664991614216,1.0
987,4.898979485566356,13.2664991614216,1.0
988,5.291502622129181,13.2664991614216,1.0
989,4.58257569495584,13.527749258468683,1.0
990,5.0,13.527749258468683,1.0
991,5.0990195135927845,13.19090595827292,1.0
992,4.358898943540674,13.674794331177344,1.0
993,4.0,0.0,0.0
994,4.69041575982343,13.114877048604,1.0
995,5.0990195135927845,13.564659966250536,1.0
996,5.0990195135927845,13.564659966250536,1.0
997,4.58257569495584,13.527749258468683,1.0
998,4.58257569495584,13.527749258468683,1.0
999,5.196152422706632,13.527749258468683,1.0
